reach_id,error
45350000185,400: Results with the specified Feature ID 45350000185 were not found
45350000175,400: Results with the specified Feature ID 45350000175 were not found
45350000165,400: Results with the specified Feature ID 45350000165 were not found
45341000145,400: Results with the specified Feature ID 45341000145 were not found
45350000276,400: Results with the specified Feature ID 45350000276 were not found
45350000235,400: Results with the specified Feature ID 45350000235 were not found
45350000215,400: Results with the specified Feature ID 45350000215 were not found
45350000205,400: Results with the specified Feature ID 45350000205 were not found
45350000025,400: Results with the specified Feature ID 45350000025 were not found
45341000195,400: Results with the specified Feature ID 45341000195 were not found
45341000205,400: Results with the specified Feature ID 45341000205 were not found
45341000325,400: Results with the specified Feature ID 45341000325 were not found
45341000011,400: Results with the specified Feature ID 45341000011 were not found
45341000061,400: Results with the specified Feature ID 45341000061 were not found
45341000071,400: Results with the specified Feature ID 45341000071 were not found
45341000115,400: Results with the specified Feature ID 45341000115 were not found
45341000175,400: Results with the specified Feature ID 45341000175 were not found
45341000125,400: Results with the specified Feature ID 45341000125 were not found
45341000185,400: Results with the specified Feature ID 45341000185 were not found
45341000091,400: Results with the specified Feature ID 45341000091 were not found
45343000111,400: Results with the specified Feature ID 45343000111 were not found
45343000134,400: Results with the specified Feature ID 45343000134 were not found
45343000394,400: Results with the specified Feature ID 45343000394 were not found
45343000161,400: Results with the specified Feature ID 45343000161 were not found
45343000331,400: Results with the specified Feature ID 45343000331 were not found
45347300093,400: Results with the specified Feature ID 45347300093 were not found
45347300101,400: Results with the specified Feature ID 45347300101 were not found
45347500074,400: Results with the specified Feature ID 45347500074 were not found
45347500061,400: Results with the specified Feature ID 45347500061 were not found
45347300111,400: Results with the specified Feature ID 45347300111 were not found
45347500041,400: Results with the specified Feature ID 45347500041 were not found
45349500213,400: Results with the specified Feature ID 45349500213 were not found
45349600203,400: Results with the specified Feature ID 45349600203 were not found
45349900031,400: Results with the specified Feature ID 45349900031 were not found
45349900054,400: Results with the specified Feature ID 45349900054 were not found
45349900061,400: Results with the specified Feature ID 45349900061 were not found
45349900094,400: Results with the specified Feature ID 45349900094 were not found
45349900101,400: Results with the specified Feature ID 45349900101 were not found
45349500231,400: Results with the specified Feature ID 45349500231 were not found
45349500244,400: Results with the specified Feature ID 45349500244 were not found
45349901066,400: Results with the specified Feature ID 45349901066 were not found
45349900851,400: Results with the specified Feature ID 45349900851 were not found
45349900114,400: Results with the specified Feature ID 45349900114 were not found
45349900121,400: Results with the specified Feature ID 45349900121 were not found
45349900134,400: Results with the specified Feature ID 45349900134 were not found
45349900141,400: Results with the specified Feature ID 45349900141 were not found
45349900154,400: Results with the specified Feature ID 45349900154 were not found
45349900161,400: Results with the specified Feature ID 45349900161 were not found
45349900174,400: Results with the specified Feature ID 45349900174 were not found
45349900181,400: Results with the specified Feature ID 45349900181 were not found
45349900194,400: Results with the specified Feature ID 45349900194 were not found
45349900201,400: Results with the specified Feature ID 45349900201 were not found
45349900291,400: Results with the specified Feature ID 45349900291 were not found
45349900221,400: Results with the specified Feature ID 45349900221 were not found
45349900511,400: Results with the specified Feature ID 45349900511 were not found
45349900234,400: Results with the specified Feature ID 45349900234 were not found
45349900531,400: Results with the specified Feature ID 45349900531 were not found
45349900241,400: Results with the specified Feature ID 45349900241 were not found
45349900544,400: Results with the specified Feature ID 45349900544 were not found
45349900864,400: Results with the specified Feature ID 45349900864 were not found
45349900884,400: Results with the specified Feature ID 45349900884 were not found
45349900891,400: Results with the specified Feature ID 45349900891 were not found
45349900904,400: Results with the specified Feature ID 45349900904 were not found
45349900911,400: Results with the specified Feature ID 45349900911 were not found
45349900924,400: Results with the specified Feature ID 45349900924 were not found
45349900264,400: Results with the specified Feature ID 45349900264 were not found
45349900271,400: Results with the specified Feature ID 45349900271 were not found
45349900961,400: Results with the specified Feature ID 45349900961 were not found
45349901056,400: Results with the specified Feature ID 45349901056 were not found
45347900041,400: Results with the specified Feature ID 45347900041 were not found
45347500081,400: Results with the specified Feature ID 45347500081 were not found
45347700063,400: Results with the specified Feature ID 45347700063 were not found
45347700041,400: Results with the specified Feature ID 45347700041 were not found
45343000351,400: Results with the specified Feature ID 45343000351 were not found
45347300014,400: Results with the specified Feature ID 45347300014 were not found
45347100031,400: Results with the specified Feature ID 45347100031 were not found
45347300033,400: Results with the specified Feature ID 45347300033 were not found
45347300041,400: Results with the specified Feature ID 45347300041 were not found
45347300083,400: Results with the specified Feature ID 45347300083 were not found
45346100011,400: Results with the specified Feature ID 45346100011 were not found
45347300074,400: Results with the specified Feature ID 45347300074 were not found
45347300061,400: Results with the specified Feature ID 45347300061 were not found
45347300023,400: Results with the specified Feature ID 45347300023 were not found
45347300121,400: Results with the specified Feature ID 45347300121 were not found
45349900214,400: Results with the specified Feature ID 45349900214 were not found
